txn_id,timestamp,sender_vpa_or_acc,receiver_vpa_or_acc,amount_inr,txn_mode,bank_name,narrative
TXN_20101,2026-01-26 11:30:00,ananya.d@icici,rahim99@upi,500000,UPI,ICICI Bank,CLEARANCE FEE
TXN_20102,2026-01-27 15:45:12,ananya.d@icici,9192837465,700000,IMPS,IndusInd Bank,CUSTOMS VERIFICATION
TXN_20103,2026-01-28 18:00:00,rahim99@upi,9192837465,480000,UPI,IndusInd Bank,MULE CONSOLIDATION
TXN_20104,2026-02-02 14:10:25,9192837465,farooq.bhai@hdfc,950000,RTGS,HDFC Bank,TRADE SETTLEMENT
TXN_20105,2026-02-13 14:15:00,dr.satya.rao@sbi,9192837465,1500000,RTGS,IndusInd Bank,RBI SECURITY ESCROW
TXN_20106,2026-02-13 16:20:10,dr.satya.rao@sbi,rahim99@upi,850000,UPI,State Bank of India,LEGAL CLEARANCE
TXN_20107,2026-02-14 11:05:00,dr.satya.rao@sbi,rahim99@upi,500000,UPI,State Bank of India,BAIL GUARANTEE
TXN_20108,2026-02-15 09:30:00,rahim99@upi,9192837465,1300000,UPI,IndusInd Bank,CASH DRAWDOWN
TXN_20109,2026-02-16 17:40:00,9192837465,farooq.bhai@hdfc,2500000,NEFT,HDFC Bank,PUNE LOGISTICS REMITTANCE
